{"count":1,"self":36.57008,"total":439.24693479999996,"children":{"InitializeActuators":{"count":10,"self":0.0010027999999999999,"total":0.0010027999999999999,"children":null},"InitializeSensors":{"count":10,"self":0.002,"total":0.002,"children":null},"AgentSendState":{"count":50067,"self":6.7250327999999993,"total":74.5916883,"children":{"CollectObservations":{"count":500670,"self":0.2006898,"total":0.2006898,"children":null},"WriteActionMask":{"count":500670,"self":0.24620809999999999,"total":0.24620809999999999,"children":null},"RequestDecision":{"count":500670,"self":0.82396819999999993,"total":67.4197575,"children":{"AgentInfo.ToProto":{"count":500670,"self":0.9681284,"total":66.595789299999993,"children":{"GenerateSensorData":{"count":500670,"self":64.9696064,"total":65.6276609,"children":{"RayPerceptionSensor.Perceive":{"count":500670,"self":0.6580515,"total":0.6580515,"children":null}}}}}}}}},"DecideAction":{"count":50067,"self":325.82712319999996,"total":325.8271193,"children":null},"AgentAct":{"count":50067,"self":2.2408528,"total":2.2550453,"children":{"AgentInfo.ToProto":{"count":100,"self":0,"total":0.014192399999999999,"children":{"GenerateSensorData":{"count":100,"self":0.0131909,"total":0.014192399999999999,"children":{"RayPerceptionSensor.Perceive":{"count":100,"self":0.0010015,"total":0.0010015,"children":null}}}}}}}},"gauges":{"Area.CumulativeReward":{"count":100,"max":4.853831,"min":3.33894038,"runningAverage":4.047219,"value":4.22387648,"weightedAverage":4.155452}},"metadata":{"timer_format_version":"0.1.0","start_time_seconds":"1665614820","unity_version":"2022.1.19f1","command_line_arguments":"C:\\Program Files\\Unity\\Hub\\Editor\\2022.1.19f1\\Editor\\Unity.exe -projectpath C:\\Users\\jakla\\Documents\\Github\\Ml-Agents-Thesis -useHub -hubIPC -cloudEnvironment production -licensingIpc LicenseClient-jakla -hubSessionId 71bc7d90-471f-11ed-a096-9351c41ea2ce -accessToken ihPbA-698PA5haJ1pDVQwnmMe7Jsmg-xsYbPeOX5-oo007f","communication_protocol_version":"1.5.0","com.unity.ml-agents_version":"2.0.1","scene_name":"CarField","end_time_seconds":"1665615259"}}