{"cameraMode":{"drawMode":0,"name":"Shaded","section":"Shading Mode"},"sceneLighting":true,"audioPlay":false,"sceneViewState":{"m_AlwaysRefresh":false,"showFog":true,"showSkybox":true,"showFlares":true,"showImageEffects":true,"showParticleSystems":true,"showVisualEffectGraphs":true,"m_FxEnabled":true},"in2DMode":false,"pivot":{"x":139.5842742919922,"y":154.99050903320313,"z":-16.08945083618164},"rotation":{"x":0.13604694604873658,"y":-0.8632919788360596,"z":0.35177141427993777,"w":0.3354572355747223},"size":0.8660253882408142,"orthographic":false}